Singular,Plural,Kategorie,Alternative Kategorie
Currypulver,,Gewürze,
Apfelessig,,Essig & Öl,
Salatmayonnaise,,Feinkost,
Selleriegrün,,Gemüse,
Kapern,,Feinkost,
Nudelwasser,,Sonstiges,
glatte Petersilie,,Kräuter,
getrocknete Dattel,getrocknete Datteln,Obst,
Pelmeni,,Fertiggerichte,
Glühwein,,Getränke,
weiße Kuvertüre,,Backzutaten,
Lachsfilet mit Haut,Lachsfilets mit Haut,Fisch & Meeresfrüchte,
Bitterschokolade,,Süßwaren,
Vollmilchschokolade,,Süßwaren,
Stremellachs,,Fisch & Meeresfrüchte,
Cheddar,,Milchprodukte,
Grafschafter Goldsaft,,Backzutaten,
Schokodrop, Schokodrops,Backzutaten,
M&M's Erdnuss,,Süßwaren,
Salatkrönung,,Gewürze,
Crème légère,,Milchprodukte,
Dijon-Senf,,Feinkost,
grüner Spargel,,Gemüse,
Pinto-Bohne,Pinto-Bohnen,Gemüse,
Kritharaki,,Getreide,
Smoking Zeus,,Gewürze,
American Sandwich Toast,,Backwaren,
Hafervollkornkeks,Hafervollkornkekse,Süßwaren,
Vanillepaste,,Backzutaten,
Piros Arany,,Feinkost,
Kräuter der Provence,,Gewürze,
Zartbitterkuvertüre,,Backzutaten,
Nougat,,Backzutaten,
Triple Sec,,Getränke,
Rispentomate,Rispentomaten,Gemüse,
Baiser,,Backzutaten,
Lemon Curd,,Konserven,
Tomatensoße,,Konserven,
Hühnerbrühpulver,,Konserven,
Vanilleschote,Vanilleschoten,Backzutaten,
Kirschwasser,,Getränke,
Spareribs,,Fleisch,
Ciabatta,,Backwaren,
Appenzeller,,Milchprodukte,
Cocktailtomate,Cocktailtomaten,Gemüse,
Pastawasser,,Sonstiges,
Löffelbiskuit,Löffelbiskuits,Backwaren,
ungesüßtes Kakaopulver,,Backzutaten,
Gewürzgurke,Gewürzgurken,Gemüse,
Gewürzgurkenwasser,,Sonstiges,
Rapsöl,,Essig & Öl,
Mailänder-Salami,,Fleischprodukte,
Vanilleeis,,Süßwaren,
Schattenmorelle,Schattenmorellen,Konserven,
Bier,,Getränke,
Limettensaft,,Obst,
Stärke,,Backzutaten,
Rinderfilet,Rinderfilets,Fleisch,
Zuckerschote,Zuckerschoten,Gemüse,
Aceto balsamico,,Essig & Öl,
Backpulver,,Backzutaten,
Bacon,,Fleischprodukte,
Balsamico-Creme,,Feinkost,
Basilikum,,Kräuter,
Basmatireis,,Getreide,
Bauchspeck,,Fleischprodukte,
Bergkäse,,Milchprodukte,
Blattspinat,,Gemüse,
Blumenkohl,,Gemüse,
Blätterteig,,Backzutaten,
Blüte,Blüten,Sonstiges,
Bohnenkraut,,Gewürze,
Breze,Brezen,Backwaren,
Brühe,,Konserven,
Brühpulver,,Konserven,
Butter,,Milchprodukte,
Butternut-Kürbis,,Gemüse,
Cajun-Gewürz,,Gewürze,
Camembert,,Milchprodukte,
Cayennepfeffer,,Gewürze,
Champignon,Champignons,Gemüse,
Chilischote,Chilischoten,Gewürze,
rote Chilischote,rote Chilischoten,Gewürze,
frische Chilischote,frische Chilischoten,Gewürze,
Crème fraîche,,Milchprodukte,
Cumin,,Gewürze,
Curry,,Gewürze,
gelbe Currypaste,,Gewürze,
rote Currypaste,,Gewürze,
grober Dijon-Senf,,Feinkost,
Dill,,Gewürze,
Dörrfleisch,,Fleischprodukte,
Ebly,,Getreide,
Ei,Eier,Sonstiges,
Eigelb,,Sonstiges,
Eiklar,,Sonstiges,
Emmentaler,,Milchprodukte,
Entrecôte,,Fleisch,
Estragon,,Gewürze,
Feta,,Milchprodukte,
Frischkäse,,Milchprodukte,
Frühlingszwiebel,Frühlingszwiebeln,Gemüse,
Gemüsebrühe,,Konserven,
Gin,,Getränke,
Gouda,,Milchprodukte,
Gruyère,,Milchprodukte,
Gurke,Gurken,Gemüse,
Rinder-Hackfleisch,,Fleisch,
gemischtes Hackfleisch,,Fleisch,
Harissa-Pulver,,Gewürze,
frische Hefe,,Backzutaten,
Hirschgulasch,,Fleisch,
Hoisinsauce,,Feinkost,
Hokkaidokürbis,,Gemüse,
Honig,,Feinkost,
Hähnchen,,Fleisch,
Hähnchenbrustfilet,Hähnchenbrustfilets,Fleisch,
Hähnchenschenkel,,Fleisch,
Ingwer,,Gewürze,
Kardamom,,Gewürze,
Karotte,Karotten,Gemüse,
Kartoffel,Kartoffeln,Gemüse,
Kartoffelsalat,,Gemüse,
getrocknete Kichererbse,getrocknete Kichererbsen,Konserven,
Kirschtomate,Kirschtomaten,Gemüse,
Knoblauch,,Gemüse,
Knollensellerie,,Gemüse,
Knödelbrot,,Backwaren,
Kokosmilch,,Feinkost,
fettreduzierte Kokosmilch,,Feinkost,
Koriander,,Gewürze,
Koriandergrün,,Kräuter,
Reibekäse,,Milchprodukte,
Kümmelpulver,,Gewürze,
Kürbiskerne,,Nüsse & Samen,
Lauch,,Gemüse,
Leberkäs,,Fleischprodukte,
rote Linse,rote Linsen,Konserven,
"vorgegarte rote Linse","vorgegarte rote Linsen",Konserven,
Lorbeer,,Gewürze,
Maisgrieß,,Getreide,
Majoran,,Gewürze,
Maultaschen,,Fertiggerichte,
Mehl,,Getreide,
Milch,,Milchprodukte,
Minze,,Kräuter,
Mozzarella,,Milchprodukte,
Muskat,,Gewürze,
Nürnberger Bratwurst,Nürnberger Bratwürste,Fleischprodukte,
schwarze Olive,schwarze Oliven,Feinkost,
Olivenöl,,Essig & Öl,
Oregano,,Gewürze,
Pak Choi,,Gemüse,
Pancetta,,Fleischprodukte,
Paniermehl,,Getreide,
Paprika,Paprikas,Gemüse,
bunte Paprika,bunte Paprikas,Gemüse,
gelbe Paprika,gelbe Paprikas,Gemüse,
rote Paprika,rote Paprikas,Gemüse,
Paprikapulver,,Gemüse,
geräuchertes Paprikapulver,,Gemüse,
scharfes Paprikapulver,,Gemüse,
Parmesan,,Milchprodukte,
Pasta,,Getreide,
Pasta,,Getreide,
Pesto,,Feinkost,
Petersilie,,Kräuter,
Petersilienwurzel,Petersilienwurzeln,Gemüse,
Pfeffer,,Gewürze,
weißer Pfeffer,,Gewürze,
grüner Pfeffer,,Gewürze,
roter Pfeffer,,Gewürze,
Pfifferling,Pfifferlinge,Gemüse,
Pilz,Pilze,Gemüse,
gemischte Pilze,,Gemüse,
Pimentpulver,,Gewürze,
Pimientos de Padron,,Gemüse,
Pinienkern,Pinienkerne,Nüsse & Samen,
Preiselbeermarmelade,,Getreide,
Puderzucker,,Konditorwaren,
Reis,,Getreide,
weiße Riesenbohne,weiße Riesenbohnen,Gemüse,
Rinderbrühe,,Fleisch,
Rindfleisch Bürgermeisterstück,,Fleisch,
Rindfleisch Schulter,,Fleisch,
Risotto,,Getreide,
Rosmarin,,Gewürze,
tockener Rotwein,,Getränke,
Rotweinessig,,Essig & Öl,
Rucola,,Gemüse,
Räucherlachs,,Meeresfrüchte,
Röstzwiebel,Röstzwiebeln,Gemüse,
Sahne,,Milchprodukte,
Salatgurke,Salatgurken,Gemüse,
Salz,,Gewürze,
Salz+Pfeffer,,Gewürze,
Sardellenfilet,Sardellenfilets,Konserven,
Sauerkraut,,Konserven,
Schalotten,,Gemüse,
Schlagsahne,,Milchprodukte,
Schmand,,Milchprodukte,
Schweinefilet,,Getränke,
Schweinerücken,,Getränke,
Semmel,Semmeln,Backwaren,
Senf,,Feinkost,
Senf-Dill-Soße,,Gewürze,
Senfsamen,,Feinkost,
Shrimps,,Meeresfrüchte,
Spaghetti,,Getreide,
Speck,,Fleischprodukte,
Staudensellerie,,Gemüse,
Steckerlfisch,,Fisch & Meeresfrüchte,
Sushi,,Fertiggerichte,
Süßkartoffel,Süßkartoffeln,Gemüse,
Tahin,,Gewürze,
Thymian,,Kräuter,
Tikka-Currypaste,,Gewürze,
Toast,Toasts,Backwaren,
Tomate,Tomaten,Gemüse,
bunte Tomate,bunte Tomaten,Gemüse,
gehackte Tomaten,,Gemüse,
stückige Tomaten,,Gemüse,
Tomatenmark,,Gemüse,
Tortellini,,Fertiggerichte,
Tramezzini,,Backwaren,
Trockenhefe,,Backzutaten,
Vanillezucker,,Konditorwaren,
Wacholderbeeren,,Obst,
Walnuss,Walnüsse,Nüsse & Samen,
Wasser,,Getränke,
Weißbrot,,Backwaren,
Weißweinessig,,Essig & Öl,
Weißwurst,Weißwürste,Fleischprodukte,
Wiener,,Fleischprodukte,
Wirsingkohl,,Gemüse,
Zimt,,Gewürze,
Zitrone,Zitronen,Obst,
Zitronenabrieb,,Obst,
Zitronensaft,,Obst,
Zucchini,,Gemüse,
Zucker,,Konditorwaren,
Zwiebel,Zwiebeln,Gemüse,
rote Zwiebel,rote Zwiebeln,Gemüse,
griechischer Joghurt,,Milchprodukte,
halbes Hähnchen,,Fleisch,
saure Sahne,,Milchprodukte,
süßer Senf,,Feinkost,
Öl,,Essig & Öl,